# source: USGS Geomagnetism Program, https://geomag.usgs.gov/ws/data/ (public domain, US government work)
# station: BOU (Boulder), lon/lat/elev [-105.237, 40.137, 1682.0]
# data_type: variation
# sampling_period_s: 1.0
# start_time: 2024-05-10T18:00:00.000Z
# end_time: 2024-05-10T18:35:00.000Z
# elements: X, Y, Z (nT, station-local; adjusted/variation baseline)
# fetched: 2026-07-29T14:43:34Z
elapsed_s,x_nt,y_nt,z_nt
0,20380.669,3337.721,46325.296
1,20382.204,3337.923,46325.085
2,20383.739,3338.046,46324.984
3,20385.072,3338.093,46325.019
4,20386.077,3338.13,46325.14
5,20386.68,3338.212,46325.281
6,20386.903,3338.363,46325.378
7,20386.853,3338.61,46325.375
8,20386.682,3338.984,46325.226
9,20386.555,3339.483,46324.921
10,20386.621,3340.062,46324.496
11,20387.046,3340.707,46323.996
12,20387.954,3341.396,46323.476
13,20388.977,3341.936,46323.085
14,20390.145,3342.362,46322.808
15,20391.367,3342.607,46322.73
16,20392.426,3342.674,46322.867
17,20393.193,3342.599,46323.167
18,20393.586,3342.419,46323.582
19,20393.604,3342.195,46324.066
20,20393.333,3342.005,46324.574
21,20392.878,3341.892,46325.046
22,20392.307,3341.858,46325.433
23,20391.67,3341.96,46325.671
24,20391.073,3342.268,46325.652
25,20390.66,3342.755,46325.367
26,20390.472,3343.293,46324.949
27,20390.41,3343.77,46324.531
28,20390.281,3344.133,46324.183
29,20389.896,3344.354,46323.949
30,20389.193,3344.441,46323.812
31,20388.303,3344.454,46323.722
32,20387.467,3344.446,46323.656
33,20386.894,3344.457,46323.621
34,20386.636,3344.544,46323.609
35,20386.614,3344.764,46323.582
36,20386.671,3345.134,46323.519
37,20386.656,3345.66,46323.406
38,20386.455,3346.319,46323.207
39,20386.042,3347.053,46322.91
40,20385.451,3347.764,46322.566
41,20384.776,3348.39,46322.214
42,20384.165,3348.937,46321.867
43,20383.79,3349.407,46321.55
44,20383.725,3349.746,46321.343
45,20383.913,3349.891,46321.32
46,20384.189,3349.861,46321.464
47,20384.393,3349.776,46321.64
48,20384.568,3349.688,46321.871
49,20384.719,3349.732,46322.003
50,20384.98,3349.861,46322.062
51,20385.442,3350.02,46322.082
52,20386.031,3350.203,46322.074
53,20386.556,3350.422,46322.035
54,20386.84,3350.655,46321.988
55,20386.878,3350.861,46321.984
56,20386.808,3351.035,46322.031
57,20386.786,3351.207,46322.113
58,20386.881,3351.401,46322.214
59,20387.076,3351.606,46322.324
60,20387.329,3351.815,46322.417
61,20387.666,3352.055,46322.492
62,20388.152,3352.34,46322.527
63,20388.804,3352.624,46322.546
64,20389.579,3352.802,46322.648
65,20390.36,3352.783,46322.929
66,20390.948,3352.595,46323.367
67,20391.131,3352.382,46323.816
68,20390.777,3352.272,46324.136
69,20390.148,3352.271,46324.289
70,20389.273,3352.347,46324.335
71,20388.354,3352.435,46324.339
72,20387.626,3352.485,46324.355
73,20387.13,3352.515,46324.375
74,20386.832,3352.534,46324.386
75,20386.718,3352.472,46324.457
76,20386.764,3352.285,46324.656
77,20386.884,3352.032,46324.968
78,20386.965,3351.79,46325.304
79,20386.935,3351.58,46325.625
80,20386.723,3351.417,46325.914
81,20386.29,3351.317,46326.117
82,20385.723,3351.234,46326.218
83,20385.181,3351.105,46326.273
84,20384.753,3350.969,46326.32
85,20384.447,3350.942,46326.292
86,20384.222,3351.11,46326.125
87,20384.054,3351.448,46325.839
88,20383.918,3351.852,46325.527
89,20383.762,3352.252,46325.234
90,20383.619,3352.659,46324.949
91,20383.591,3353.078,46324.679
92,20383.715,3353.49,46324.437
93,20383.9,3353.912,46324.207
94,20384.046,3354.369,46323.96
95,20384.094,3354.802,46323.707
96,20384.05,3355.16,46323.484
97,20383.984,3355.496,46323.3
98,20384.026,3355.933,46323.117
99,20384.297,3356.543,46322.878
100,20384.84,3357.328,46322.535
101,20385.781,3358.362,46321.996
102,20387.127,3359.565,46321.296
103,20388.382,3360.539,46320.71
104,20390.421,3361.871,46319.96
105,20392.504,3363.106,46319.355
106,20394.409,3364.196,46318.906
107,20395.883,3365.042,46318.667
108,20396.821,3365.56,46318.667
109,20397.216,3365.705,46318.898
110,20397.123,3365.518,46319.32
111,20396.662,3365.089,46319.878
112,20395.981,3364.494,46320.531
113,20395.289,3363.789,46321.226
114,20394.852,3363.05,46321.917
115,20394.901,3362.366,46322.566
116,20395.534,3361.783,46323.144
117,20396.678,3361.306,46323.667
118,20398.097,3360.953,46324.14
119,20399.492,3360.744,46324.523
120,20400.581,3360.618,46324.832
121,20401.188,3360.476,46325.128
122,20401.294,3360.263,46325.468
123,20400.994,3359.958,46325.898
124,20400.344,3359.568,46326.402
125,20399.378,3359.164,46326.886
126,20398.312,3358.832,46327.214
127,20397.53,3358.569,46327.347
128,20397.318,3358.302,46327.335
129,20397.72,3357.995,46327.281
130,20398.638,3357.693,46327.23
131,20399.955,3357.423,46327.199
132,20401.462,3357.129,46327.226
133,20402.811,3356.757,46327.335
134,20403.641,3356.336,46327.488
135,20403.584,3355.95,46327.593
136,20402.769,3355.713,46327.601
137,20401.4,3355.604,46327.523
138,20399.47,3355.727,46327.265
139,20397.699,3356.107,46326.812
140,20396.565,3356.678,46326.167
141,20396.322,3357.293,46325.406
142,20397.005,3357.854,46324.632
143,20398.49,3358.337,46323.953
144,20400.532,3358.785,46323.394
145,20402.7,3359.274,46322.933
146,20404.53,3359.826,46322.546
147,20405.746,3360.385,46322.214
148,20406.319,3360.887,46321.941
149,20406.373,3361.357,46321.707
150,20406.133,3361.898,46321.457
151,20405.793,3362.508,46321.183
152,20405.404,3363.043,46320.968
153,20404.953,3363.428,46320.855
154,20404.556,3363.815,46320.773
155,20404.431,3364.501,46320.562
156,20404.746,3365.67,46320.097
157,20405.524,3367.349,46319.414
158,20406.44,3369.123,46318.781
159,20407.042,3370.353,46318.425
160,20407.154,3371.412,46318.32
161,20406.589,3371.968,46318.41
162,20405.721,3372.26,46318.554
163,20404.86,3372.36,46318.765
164,20404.196,3372.268,46319.14
165,20403.903,3372.025,46319.707
166,20404.108,3371.776,46320.332
167,20404.805,3371.712,46320.824
168,20405.838,3371.952,46321.07
169,20406.945,3372.469,46321.101
170,20407.837,3373.09,46321.058
171,20408.271,3373.565,46321.097
172,20408.148,3373.721,46321.332
173,20407.575,3373.58,46321.761
174,20406.813,3373.263,46322.324
175,20406.059,3372.823,46323.003
176,20405.322,3372.252,46323.773
177,20404.504,3371.638,46324.527
178,20403.534,3371.169,46325.109
179,20402.48,3370.959,46325.402
180,20401.52,3370.914,46325.406
181,20400.76,3370.864,46325.269
182,20400.21,3370.798,46325.082
183,20399.884,3370.862,46324.82
184,20399.797,3371.141,46324.457
185,20399.883,3371.549,46324.101
186,20399.964,3371.893,46323.91
187,20399.868,3372.014,46323.984
188,20399.557,3371.861,46324.328
189,20399.068,3371.52,46324.828
190,20398.414,3371.172,46325.3
191,20397.603,3370.978,46325.585
192,20396.882,3370.931,46325.664
193,20396.36,3370.917,46325.628
194,20396.119,3370.834,46325.542
195,20396.137,3370.707,46325.429
196,20396.362,3370.588,46325.269
197,20396.796,3370.5,46325.07
198,20397.417,3370.456,46324.878
199,20398.112,3370.498,46324.726
200,20398.744,3370.639,46324.628
201,20399.211,3370.836,46324.593
202,20399.466,3371.044,46324.621
203,20399.533,3371.235,46324.683
204,20399.469,3371.377,46324.777
205,20399.347,3371.447,46324.882
206,20399.257,3371.493,46324.945
207,20399.312,3371.625,46324.894
208,20399.637,3371.892,46324.738
209,20400.25,3372.239,46324.542
210,20401.095,3372.601,46324.378
211,20402.124,3372.951,46324.261
212,20403.242,3373.225,46324.218
213,20404.24,3373.351,46324.32
214,20404.898,3373.319,46324.593
215,20405.071,3373.132,46325.007
216,20404.729,3372.76,46325.546
217,20403.966,3372.243,46326.171
218,20403.003,3371.681,46326.785
219,20402.12,3371.137,46327.312
220,20401.569,3370.621,46327.746
221,20401.46,3370.171,46328.074
222,20401.701,3369.827,46328.281
223,20402.085,3369.56,46328.406
224,20402.384,3369.272,46328.535
225,20402.416,3368.923,46328.73
226,20402.234,3368.625,46328.914
227,20401.753,3368.312,46329.093
228,20401.2,3368.026,46329.195
229,20400.75,3367.749,46329.261
230,20400.462,3367.491,46329.304
231,20400.319,3367.3,46329.292
232,20400.301,3367.19,46329.183
233,20400.354,3367.117,46328.996
234,20400.411,3367.049,46328.769
235,20400.442,3367.003,46328.531
236,20400.435,3367.005,46328.292
237,20400.312,3367.032,46328.074
238,20400.03,3367.041,46327.898
239,20399.68,3367.036,46327.773
240,20399.417,3367.073,46327.66
241,20399.265,3367.168,46327.519
242,20399.096,3367.3,46327.328
243,20398.811,3367.458,46327.082
244,20398.458,3367.636,46326.792
245,20398.143,3367.826,46326.488
246,20397.886,3368.0,46326.222
247,20397.605,3368.098,46326.039
248,20397.331,3368.092,46325.964
249,20397.104,3368.025,46325.949
250,20397.141,3367.911,46326.003
251,20397.447,3367.789,46326.144
252,20397.894,3367.71,46326.328
253,20398.38,3367.719,46326.472
254,20398.873,3367.819,46326.535
255,20399.369,3367.997,46326.5
256,20399.897,3368.203,46326.406
257,20400.438,3368.346,46326.347
258,20400.843,3368.344,46326.433
259,20400.985,3368.206,46326.683
260,20400.949,3368.047,46326.992
261,20400.975,3367.975,46327.238
262,20401.116,3367.981,46327.386
263,20401.222,3367.989,46327.476
264,20401.195,3367.951,46327.542
265,20401.132,3367.87,46327.578
266,20401.182,3367.802,46327.578
267,20401.392,3367.829,46327.5
268,20401.737,3368.012,46327.308
269,20402.207,3368.332,46327.035
270,20402.752,3368.691,46326.792
271,20403.228,3369.013,46326.636
272,20403.481,3369.283,46326.542
273,20403.458,3369.464,46326.492
274,20403.164,3369.519,46326.488
275,20402.666,3369.492,46326.531
276,20402.13,3369.493,46326.554
277,20401.702,3369.59,46326.503
278,20401.375,3369.79,46326.382
279,20401.041,3370.066,46326.234
280,20400.549,3370.37,46326.093
281,20399.878,3370.618,46325.988
282,20399.323,3370.751,46325.914
283,20399.025,3370.849,46325.808
284,20399.14,3370.954,46325.718
285,20399.34,3371.056,46325.691
286,20399.273,3371.101,46325.757
287,20398.835,3371.071,46325.902
288,20398.17,3370.987,46326.082
289,20397.496,3370.855,46326.265
290,20396.932,3370.682,46326.449
291,20396.429,3370.508,46326.636
292,20395.881,3370.344,46326.812
293,20395.335,3370.173,46326.972
294,20395.017,3370.01,46327.121
295,20395.134,3369.856,46327.253
296,20395.671,3369.654,46327.414
297,20396.403,3369.35,46327.664
298,20397.061,3368.924,46328.027
299,20397.402,3368.389,46328.484
300,20397.25,3367.812,46328.976
301,20396.59,3367.33,46329.382
302,20395.57,3367.052,46329.589
303,20394.387,3367.007,46329.57
304,20393.18,3367.153,46329.363
305,20392.098,3367.353,46329.07
306,20391.416,3367.401,46328.816
307,20391.407,3367.139,46328.757
308,20392.016,3366.564,46328.964
309,20392.884,3365.83,46329.398
310,20393.624,3365.111,46329.925
311,20394.007,3364.451,46330.417
312,20393.937,3363.764,46330.855
313,20393.369,3362.971,46331.316
314,20392.347,3362.029,46331.816
315,20391.302,3361.097,46332.253
316,20390.577,3360.268,46332.613
317,20390.26,3359.253,46333.039
318,20390.314,3358.334,46333.371
319,20390.621,3357.735,46333.425
320,20391.258,3357.464,46333.214
321,20392.381,3357.31,46332.937
322,20393.795,3357.112,46332.753
323,20394.954,3356.87,46332.648
324,20395.486,3356.568,46332.55
325,20395.539,3356.067,46332.519
326,20395.617,3355.223,46332.707
327,20396.06,3354.111,46333.156
328,20396.629,3353.058,46333.671
329,20396.823,3352.312,46333.992
330,20396.506,3351.814,46334.085
331,20395.95,3351.355,46334.058
332,20395.415,3350.813,46334.011
333,20395.038,3350.217,46333.964
334,20394.963,3349.714,46333.863
335,20395.347,3349.444,46333.644
336,20396.266,3349.356,46333.351
337,20397.551,3349.262,46333.109
338,20398.652,3349.121,46333.003
339,20399.796,3348.913,46332.988
340,20400.454,3348.737,46333.019
341,20400.421,3348.599,46333.039
342,20399.695,3348.515,46332.972
343,20398.602,3348.53,46332.753
344,20397.633,3348.658,46332.371
345,20397.187,3348.86,46331.886
346,20397.375,3349.092,46331.414
347,20397.955,3349.31,46331.058
348,20398.445,3349.45,46330.882
349,20398.456,3349.428,46330.898
350,20397.931,3349.174,46331.101
351,20397.037,3348.637,46331.476
352,20395.977,3347.805,46332.011
353,20394.913,3346.738,46332.66
354,20393.918,3345.631,46333.324
355,20392.98,3344.797,46333.812
356,20392.129,3344.556,46333.89
357,20391.466,3345.056,46333.39
358,20391.075,3346.164,46332.355
359,20390.999,3347.488,46331.035
360,20391.305,3348.614,46329.746
361,20392.054,3349.329,46328.726
362,20393.181,3349.626,46328.062
363,20394.479,3349.598,46327.742
364,20395.702,3349.342,46327.707
365,20396.671,3348.929,46327.871
366,20397.337,3348.432,46328.144
367,20397.818,3347.981,46328.41
368,20398.255,3347.753,46328.539
369,20398.73,3347.875,46328.429
370,20399.344,3348.346,46328.046
371,20400.024,3348.918,46327.566
372,20400.665,3349.409,46327.152
373,20401.333,3349.87,46326.785
374,20401.81,3350.168,46326.562
375,20402.052,3350.213,46326.527
376,20402.125,3349.977,46326.695
377,20402.097,3349.509,46327.027
378,20401.967,3348.909,46327.46
379,20401.712,3348.311,46327.882
380,20401.33,3347.84,46328.187
381,20400.886,3347.556,46328.308
382,20400.549,3347.468,46328.25
383,20400.504,3347.571,46328.058
384,20400.786,3347.841,46327.816
385,20401.256,3348.218,46327.613
386,20401.752,3348.603,46327.523
387,20402.1,3348.881,46327.621
388,20402.087,3348.941,46327.933
389,20401.573,3348.74,46328.437
390,20400.651,3348.339,46329.054
391,20399.55,3347.881,46329.667
392,20398.402,3347.479,46330.175
393,20397.231,3347.16,46330.531
394,20396.093,3346.931,46330.722
395,20395.156,3346.853,46330.699
396,20394.577,3346.958,46330.437
397,20394.343,3347.172,46330.023
398,20394.26,3347.386,46329.574
399,20394.129,3347.581,46329.128
400,20393.872,3347.766,46328.695
401,20393.52,3347.912,46328.328
402,20393.158,3347.963,46328.082
403,20392.856,3347.93,46327.953
404,20392.647,3347.866,46327.902
405,20392.535,3347.814,46327.882
406,20392.406,3347.741,46327.867
407,20392.058,3347.656,46327.839
408,20391.594,3347.609,46327.769
409,20391.226,3347.613,46327.64
410,20391.028,3347.647,46327.492
411,20390.865,3347.704,46327.367
412,20390.584,3347.767,46327.269
413,20390.186,3347.78,46327.179
414,20389.819,3347.688,46327.128
415,20389.584,3347.498,46327.156
416,20389.434,3347.282,46327.242
417,20389.248,3347.136,46327.308
418,20388.961,3347.1,46327.3
419,20388.588,3347.138,46327.238
420,20388.143,3347.164,46327.175
421,20387.604,3347.134,46327.16
422,20387.012,3347.083,46327.164
423,20386.508,3347.082,46327.148
424,20386.242,3347.161,46327.105
425,20386.287,3347.27,46327.082
426,20386.637,3347.321,46327.148
427,20387.079,3347.275,46327.335
428,20387.421,3347.188,46327.625
429,20387.57,3347.076,46327.945
430,20387.48,3346.978,46328.238
431,20387.135,3346.916,46328.48
432,20386.514,3346.917,46328.667
433,20385.673,3346.972,46328.796
434,20384.714,3347.026,46328.875
435,20383.734,3347.021,46328.933
436,20382.742,3346.941,46328.992
437,20381.751,3346.837,46329.011
438,20380.837,3346.761,46328.968
439,20380.055,3346.705,46328.914
440,20379.365,3346.609,46328.886
441,20378.728,3346.452,46328.917
442,20378.184,3346.249,46328.984
443,20377.767,3346.029,46329.093
444,20377.456,3345.836,46329.242
445,20377.224,3345.743,46329.351
446,20377.038,3345.815,46329.335
447,20376.897,3346.034,46329.167
448,20376.861,3346.269,46328.91
449,20376.961,3346.375,46328.683
450,20377.097,3346.307,46328.582
451,20377.087,3346.108,46328.632
452,20376.81,3345.853,46328.753
453,20376.327,3345.599,46328.859
454,20375.814,3345.348,46328.914
455,20375.396,3345.069,46328.957
456,20375.068,3344.758,46329.035
457,20374.727,3344.433,46329.148
458,20374.355,3344.129,46329.253
459,20374.099,3343.899,46329.265
460,20374.083,3343.768,46329.16
461,20374.193,3343.708,46329.039
462,20374.338,3343.671,46328.917
463,20374.429,3343.573,46328.847
464,20374.395,3343.38,46328.875
465,20374.218,3343.105,46328.988
466,20373.981,3342.775,46329.16
467,20373.745,3342.411,46329.367
468,20373.537,3342.046,46329.562
469,20373.49,3341.719,46329.691
470,20373.752,3341.444,46329.761
471,20374.279,3341.23,46329.804
472,20374.882,3341.098,46329.843
473,20375.476,3341.031,46329.89
474,20376.068,3340.959,46330.003
475,20376.53,3340.829,46330.214
476,20376.645,3340.646,46330.484
477,20376.354,3340.404,46330.742
478,20375.752,3340.076,46330.96
479,20374.972,3339.67,46331.14
480,20374.214,3339.229,46331.242
481,20373.765,3338.797,46331.25
482,20373.78,3338.38,46331.199
483,20374.14,3337.941,46331.14
484,20374.604,3337.444,46331.148
485,20374.964,3336.909,46331.234
486,20375.129,3336.44,46331.347
487,20375.156,3336.167,46331.39
488,20375.144,3336.176,46331.285
489,20375.119,3336.449,46331.031
490,20375.056,3336.887,46330.667
491,20374.952,3337.376,46330.257
492,20374.793,3337.844,46329.847
493,20374.534,3338.24,46329.441
494,20374.255,3338.464,46329.093
495,20374.084,3338.501,46328.898
496,20374.112,3338.16,46328.847
497,20374.282,3337.428,46329.089
498,20374.375,3336.476,46329.519
499,20374.286,3335.598,46329.929
500,20374.17,3335.107,46330.089
501,20374.293,3335.152,46329.906
502,20374.668,3335.636,46329.468
503,20374.963,3336.36,46328.945
504,20374.855,3337.156,46328.429
505,20374.254,3337.877,46327.98
506,20373.299,3338.404,46327.636
507,20372.24,3338.684,46327.41
508,20371.3,3338.721,46327.316
509,20370.577,3338.559,46327.328
510,20370.113,3338.283,46327.375
511,20370.008,3338.004,46327.371
512,20370.398,3337.83,46327.277
513,20371.288,3337.812,46327.156
514,20372.428,3337.928,46327.058
515,20373.452,3338.127,46327.007
516,20374.055,3338.351,46327.007
517,20374.112,3338.536,46327.07
518,20373.699,3338.669,46327.183
519,20373.019,3338.849,46327.257
520,20372.303,3339.18,46327.218
521,20371.725,3339.678,46327.039
522,20371.347,3340.241,46326.777
523,20371.102,3340.713,46326.546
524,20370.849,3340.969,46326.421
525,20370.506,3340.946,46326.441
526,20370.119,3340.604,46326.628
527,20369.842,3339.895,46327.023
528,20369.79,3339.06,46327.507
529,20369.955,3338.196,46328.042
530,20370.264,3337.251,46328.71
531,20370.487,3336.442,46329.339
532,20370.493,3335.853,46329.808
533,20370.246,3335.488,46330.085
534,20369.724,3335.291,46330.214
535,20368.92,3335.207,46330.25
536,20367.945,3335.192,46330.203
537,20366.971,3335.205,46330.132
538,20366.106,3335.176,46330.089
539,20365.379,3334.999,46330.132
540,20364.804,3334.591,46330.304
541,20364.394,3333.97,46330.593
542,20364.159,3333.253,46330.902
543,20364.109,3332.612,46331.109
544,20364.241,3332.201,46331.125
545,20364.54,3332.055,46330.949
546,20364.97,3332.081,46330.644
547,20365.41,3332.159,46330.3
548,20365.703,3332.228,46330.003
549,20365.689,3332.291,46329.765
550,20365.334,3332.346,46329.578
551,20364.895,3332.38,46329.441
552,20364.214,3332.428,46329.207
553,20363.84,3332.529,46328.878
554,20363.883,3332.679,46328.46
555,20364.388,3332.824,46328.0
556,20365.346,3332.898,46327.546
557,20366.724,3332.875,46327.179
558,20368.411,3332.781,46326.98
559,20370.141,3332.67,46326.957
560,20371.531,3332.586,46327.074
561,20372.289,3332.529,46327.281
562,20372.358,3332.48,46327.511
563,20371.904,3332.465,46327.687
564,20371.223,3332.54,46327.734
565,20370.668,3332.762,46327.609
566,20370.489,3333.132,46327.324
567,20370.698,3333.539,46327.0
568,20371.165,3333.818,46326.777
569,20371.836,3333.882,46326.71
570,20372.697,3333.742,46326.812
571,20373.663,3333.47,46327.05
572,20374.616,3333.134,46327.351
573,20375.452,3332.769,46327.656
574,20376.064,3332.373,46327.945
575,20376.383,3331.956,46328.214
576,20376.44,3331.601,46328.425
577,20376.323,3331.408,46328.535
578,20376.116,3331.363,46328.535
579,20375.897,3331.316,46328.527
580,20375.664,3331.102,46328.652
581,20375.284,3330.691,46328.976
582,20374.605,3330.249,46329.398
583,20373.612,3330.095,46329.66
584,20372.663,3330.32,46329.605
585,20371.913,3330.81,46329.253
586,20371.42,3331.479,46328.66
587,20371.165,3332.09,46328.085
588,20371.004,3332.545,46327.617
589,20370.894,3332.801,46327.273
590,20370.82,3332.889,46327.031
591,20370.687,3332.862,46326.847
592,20370.439,3332.685,46326.718
593,20370.171,3332.338,46326.687
594,20370.018,3331.988,46326.707
595,20370.034,3331.885,46326.617
596,20370.264,3332.178,46326.269
597,20370.816,3332.915,46325.613
598,20371.775,3334.036,46324.703
599,20373.066,3335.326,46323.738
600,20374.393,3336.549,46322.937
601,20375.408,3337.575,46322.39
602,20375.979,3338.298,46322.066
603,20376.284,3338.659,46321.937
604,20376.66,3338.772,46321.91
605,20377.457,3338.85,46321.828
606,20378.886,3339.029,46321.644
607,20380.83,3339.354,46321.41
608,20382.859,3339.836,46321.164
609,20384.567,3340.419,46320.902
610,20385.795,3341.01,46320.636
611,20386.581,3341.631,46320.339
612,20387.035,3342.401,46319.945
613,20387.301,3343.349,46319.468
614,20387.512,3344.337,46319.078
615,20387.721,3345.108,46318.968
616,20387.795,3345.27,46319.394
617,20387.504,3344.563,46320.484
618,20386.989,3343.518,46321.687
619,20386.075,3342.015,46323.183
620,20385.212,3340.932,46324.273
621,20384.733,3340.642,46324.734
622,20384.807,3341.239,46324.554
623,20385.325,3342.567,46323.914
624,20385.877,3344.251,46323.085
625,20385.971,3345.746,46322.41
626,20385.269,3346.568,46322.21
627,20383.657,3346.589,46322.597
628,20381.25,3346.024,46323.441
629,20378.343,3345.147,46324.515
630,20375.32,3344.181,46325.597
631,20372.621,3343.387,46326.41
632,20370.711,3343.042,46326.695
633,20369.918,3343.255,46326.347
634,20370.276,3343.907,46325.531
635,20371.51,3344.788,46324.558
636,20373.129,3345.657,46323.761
637,20374.547,3346.24,46323.394
638,20375.205,3346.298,46323.57
639,20374.69,3345.687,46324.261
640,20373.394,3344.734,46325.082
641,20371.692,3343.692,46325.843
642,20369.668,3342.795,46326.328
643,20367.885,3342.359,46326.382
644,20366.505,3342.43,46326.023
645,20365.551,3342.913,46325.347
646,20364.994,3343.641,46324.519
647,20364.714,3344.489,46323.671
648,20364.532,3345.378,46322.867
649,20364.332,3346.2,46322.187
650,20364.109,3346.854,46321.718
651,20363.889,3347.344,46321.48
652,20363.657,3347.758,46321.425
653,20363.392,3348.163,46321.464
654,20363.075,3348.506,46321.554
655,20362.634,3348.628,46321.765
656,20361.967,3348.423,46322.164
657,20361.054,3347.983,46322.687
658,20360.049,3347.583,46323.125
659,20359.253,3347.517,46323.253
660,20358.963,3347.934,46323.031
661,20359.314,3348.785,46322.578
662,20360.187,3349.874,46322.082
663,20361.283,3350.953,46321.726
664,20362.339,3351.79,46321.628
665,20363.25,3352.247,46321.835
666,20364.016,3352.316,46322.324
667,20364.584,3352.073,46323.023
668,20364.864,3351.606,46323.82
669,20364.877,3351.0,46324.593
670,20364.768,3350.341,46325.265
671,20364.658,3349.764,46325.773
672,20364.647,3349.455,46326.007
673,20364.86,3349.552,46325.878
674,20365.221,3349.865,46325.582
675,20365.916,3350.414,46325.125
676,20366.701,3351.038,46324.664
677,20367.379,3351.605,46324.289
678,20367.853,3351.978,46324.097
679,20368.092,3352.086,46324.16
680,20368.129,3351.991,46324.433
681,20368.052,3351.833,46324.789
682,20367.892,3351.688,46325.16
683,20367.602,3351.515,46325.546
684,20367.178,3351.294,46325.921
685,20366.674,3351.106,46326.167
686,20366.166,3351.04,46326.183
687,20365.773,3351.119,46325.941
688,20365.637,3351.306,46325.527
689,20365.774,3351.521,46325.125
690,20365.918,3351.67,46324.914
691,20365.65,3351.708,46324.984
692,20364.747,3351.646,46325.257
693,20363.309,3351.513,46325.578
694,20361.684,3351.388,46325.816
695,20360.21,3351.362,46325.917
696,20359.028,3351.454,46325.894
697,20358.099,3351.626,46325.761
698,20357.421,3351.836,46325.546
699,20357.039,3352.017,46325.292
700,20356.962,3352.108,46325.046
701,20357.148,3352.127,46324.843
702,20357.536,3352.125,46324.691
703,20358.02,3352.126,46324.593
704,20358.487,3352.124,46324.57
705,20358.944,3352.096,46324.621
706,20359.564,3352.053,46324.699
707,20360.34,3352.039,46324.73
708,20361.15,3352.04,46324.722
709,20362.11,3351.967,46324.765
710,20362.902,3351.835,46324.871
711,20363.411,3351.753,46324.96
712,20363.673,3351.857,46324.929
713,20363.746,3352.215,46324.753
714,20363.554,3352.789,46324.488
715,20362.946,3353.521,46324.195
716,20361.894,3354.389,46323.847
717,20360.548,3355.352,46323.425
718,20359.203,3356.316,46322.953
719,20358.162,3357.138,46322.535
720,20357.523,3357.711,46322.281
721,20357.158,3358.052,46322.203
722,20356.956,3358.236,46322.21
723,20356.917,3358.273,46322.265
724,20357.032,3358.17,46322.414
725,20357.275,3357.974,46322.671
726,20357.599,3357.678,46323.054
727,20357.894,3357.224,46323.625
728,20357.943,3356.633,46324.382
729,20357.63,3356.046,46325.23
730,20357.219,3355.643,46326.015
731,20356.72,3355.469,46326.625
732,20356.08,3355.534,46327.027
733,20355.268,3355.848,46327.16
734,20354.48,3356.375,46326.988
735,20353.921,3357.033,46326.621
736,20353.502,3357.775,46326.187
737,20353.11,3358.542,46325.742
738,20352.778,3359.205,46325.363
739,20352.382,3359.71,46325.125
740,20351.626,3360.091,46324.949
741,20350.453,3360.271,46324.792
742,20349.075,3360.393,46324.527
743,20347.793,3360.505,46324.207
744,20346.734,3360.73,46323.855
745,20345.921,3361.126,46323.472
746,20345.388,3361.636,46323.109
747,20345.112,3362.187,46322.847
748,20344.987,3362.68,46322.757
749,20344.795,3362.973,46322.902
750,20344.342,3363.029,46323.246
751,20343.736,3362.95,46323.64
752,20343.276,3362.895,46323.929
753,20343.129,3363.02,46324.023
754,20343.294,3363.349,46323.878
755,20343.82,3363.676,46323.617
756,20344.812,3363.688,46323.453
757,20346.211,3363.208,46323.585
758,20347.735,3362.291,46324.058
759,20349.095,3361.152,46324.789
760,20350.18,3360.099,46325.578
761,20351.041,3359.365,46326.23
762,20351.733,3358.94,46326.726
763,20352.125,3358.683,46327.089
764,20352.163,3358.478,46327.371
765,20351.762,3358.107,46327.66
766,20351.199,3357.587,46327.953
767,20350.69,3357.001,46328.281
768,20350.268,3356.471,46328.609
769,20349.845,3356.017,46328.917
770,20349.35,3355.533,46329.265
771,20348.79,3354.908,46329.714
772,20348.242,3354.135,46330.261
773,20347.785,3353.318,46330.804
774,20347.506,3352.58,46331.234
775,20347.436,3351.923,46331.554
776,20347.439,3351.271,46331.875
777,20347.332,3350.583,46332.261
778,20347.099,3349.855,46332.683
779,20346.813,3349.085,46333.113
780,20346.487,3348.319,46333.511
781,20346.1,3347.654,46333.828
782,20345.663,3347.142,46334.031
783,20345.188,3346.763,46334.128
784,20344.722,3346.463,46334.136
785,20344.282,3346.181,46334.082
786,20343.826,3345.852,46333.992
787,20343.363,3345.45,46333.894
788,20342.992,3345.064,46333.769
789,20342.836,3344.857,46333.515
790,20342.968,3344.874,46333.066
791,20343.36,3345.029,46332.468
792,20343.916,3345.248,46331.773
793,20344.533,3345.495,46331.015
794,20345.146,3345.706,46330.269
795,20345.825,3345.767,46329.632
796,20346.652,3345.581,46329.179
797,20347.377,3345.27,46328.957
798,20347.964,3344.882,46328.878
799,20348.374,3344.555,46328.765
800,20348.797,3344.377,46328.527
801,20349.427,3344.354,46328.21
802,20350.238,3344.466,46327.902
803,20351.078,3344.65,46327.636
804,20351.865,3344.78,46327.445
805,20352.528,3344.781,46327.371
806,20352.948,3344.678,46327.39
807,20353.131,3344.466,46327.453
808,20353.353,3344.023,46327.593
809,20353.822,3343.279,46327.91
810,20354.24,3342.383,46328.402
811,20354.011,3341.661,46328.886
812,20352.871,3341.403,46329.093
813,20351.16,3341.736,46328.859
814,20349.464,3342.578,46328.218
815,20348.143,3343.724,46327.351
816,20347.291,3344.972,46326.468
817,20346.909,3346.112,46325.753
818,20347.038,3346.902,46325.421
819,20347.553,3347.197,46325.535
820,20348.292,3347.117,46325.937
821,20348.964,3346.867,46326.742
822,20348.717,3346.916,46327.531
823,20347.067,3347.562,46327.882
824,20344.312,3348.615,46327.683
825,20341.108,3349.675,46327.183
826,20338.027,3350.624,46326.578
827,20335.623,3351.61,46325.835
828,20334.347,3352.719,46324.968
829,20334.143,3353.814,46324.183
830,20334.466,3354.672,46323.742
831,20334.708,3355.201,46323.753
832,20334.495,3355.417,46324.16
833,20333.728,3355.292,46324.832
834,20332.508,3354.77,46325.66
835,20331.028,3353.857,46326.527
836,20329.518,3352.642,46327.3
837,20328.263,3351.299,46327.847
838,20327.587,3350.04,46328.121
839,20327.67,3349.04,46328.156
840,20328.294,3348.428,46328.011
841,20328.996,3348.307,46327.652
842,20329.596,3348.669,46327.046
843,20330.323,3349.345,46326.265
844,20331.345,3350.145,46325.449
845,20332.391,3350.953,46324.726
846,20332.896,3351.681,46324.187
847,20332.488,3352.276,46323.875
848,20331.297,3352.713,46323.742
849,20329.834,3352.935,46323.757
850,20328.587,3352.879,46323.949
851,20327.719,3352.497,46324.359
852,20327.158,3351.866,46324.941
853,20326.861,3351.322,46325.41
854,20326.839,3350.952,46325.652
855,20327.316,3350.649,46325.742
856,20328.102,3350.219,46325.921
857,20328.803,3349.568,46326.355
858,20329.057,3348.832,46326.992
859,20328.626,3348.221,46327.71
860,20327.317,3347.799,46328.433
861,20325.329,3347.523,46329.062
862,20323.304,3347.352,46329.535
863,20321.634,3347.268,46329.894
864,20320.283,3347.324,46330.117
865,20319.198,3347.594,46330.156
866,20318.405,3348.056,46330.066
867,20317.892,3348.564,46329.988
868,20317.566,3348.935,46330.05
869,20317.271,3349.028,46330.3
870,20316.817,3348.842,46330.671
871,20316.144,3348.543,46330.996
872,20315.4,3348.323,46331.117
873,20314.782,3348.246,46331.003
874,20314.331,3348.3,46330.722
875,20314.031,3348.504,46330.3
876,20313.9,3348.861,46329.781
877,20313.906,3349.272,46329.269
878,20313.894,3349.562,46328.921
879,20313.723,3349.573,46328.792
880,20313.44,3349.243,46328.839
881,20313.236,3348.665,46328.972
882,20313.248,3347.99,46329.128
883,20313.427,3347.287,46329.285
884,20313.63,3346.583,46329.425
885,20313.897,3346.001,46329.433
886,20314.353,3345.737,46329.203
887,20314.855,3345.748,46328.882
888,20315.757,3345.963,46328.339
889,20316.83,3346.192,46327.867
890,20318.057,3346.343,46327.507
891,20319.211,3346.355,46327.328
892,20320.015,3346.282,46327.304
893,20320.374,3346.253,46327.312
894,20320.306,3346.392,46327.238
895,20319.918,3346.773,46326.992
896,20319.495,3347.313,46326.609
897,20319.35,3347.757,46326.285
898,20319.6,3347.862,46326.273
899,20320.112,3347.522,46326.687
900,20320.663,3346.776,46327.453
901,20321.147,3345.713,46328.425
902,20321.575,3344.383,46329.527
903,20321.955,3342.832,46330.71
904,20322.211,3341.194,46331.91
905,20322.182,3339.637,46333.011
906,20321.738,3338.293,46333.902
907,20320.822,3337.291,46334.468
908,20319.585,3336.804,46334.542
909,20318.584,3336.785,46334.23
910,20317.954,3337.049,46333.593
911,20318.093,3337.318,46332.875
912,20318.905,3337.388,46332.359
913,20320.062,3337.18,46332.175
914,20321.143,3336.697,46332.343
915,20321.826,3335.981,46332.792
916,20321.937,3335.123,46333.394
917,20321.453,3334.325,46333.937
918,20320.503,3333.791,46334.218
919,20319.302,3333.584,46334.136
920,20318.072,3333.627,46333.722
921,20316.98,3333.807,46333.085
922,20316.124,3334.045,46332.32
923,20315.622,3334.323,46331.468
924,20315.604,3334.643,46330.601
925,20316.107,3334.956,46329.796
926,20317.008,3335.196,46329.121
927,20318.092,3335.347,46328.621
928,20319.132,3335.401,46328.32
929,20319.947,3335.357,46328.191
930,20320.453,3335.229,46328.199
931,20320.636,3335.023,46328.296
932,20320.461,3334.783,46328.417
933,20319.989,3334.582,46328.457
934,20319.444,3334.424,46328.378
935,20319.056,3334.267,46328.222
936,20318.893,3334.087,46328.062
937,20318.908,3333.892,46327.933
938,20319.034,3333.697,46327.855
939,20319.269,3333.506,46327.843
940,20319.633,3333.309,46327.902
941,20320.082,3333.116,46328.027
942,20320.423,3332.953,46328.175
943,20320.549,3332.848,46328.289
944,20320.387,3332.748,46328.414
945,20319.875,3332.698,46328.511
946,20319.032,3332.719,46328.542
947,20317.954,3332.864,46328.445
948,20316.829,3333.13,46328.203
949,20315.856,3333.422,46327.871
950,20315.221,3333.637,46327.55
951,20315.05,3333.692,46327.347
952,20315.297,3333.513,46327.378
953,20315.683,3333.103,46327.699
954,20315.818,3332.627,46328.214
955,20315.464,3332.288,46328.71
956,20314.704,3332.141,46329.054
957,20313.701,3332.112,46329.292
958,20312.46,3332.151,46329.46
959,20310.991,3332.244,46329.515
960,20309.435,3332.372,46329.433
961,20307.944,3332.55,46329.23
962,20306.632,3332.809,46328.91
963,20305.6,3333.115,46328.5
964,20304.908,3333.395,46328.089
965,20304.507,3333.601,46327.773
966,20304.29,3333.744,46327.566
967,20304.151,3333.831,46327.449
968,20304.049,3333.834,46327.421
969,20303.968,3333.751,46327.492
970,20303.853,3333.633,46327.601
971,20303.653,3333.571,46327.636
972,20303.404,3333.603,46327.527
973,20303.179,3333.711,46327.3
974,20303.014,3333.831,46327.039
975,20303.017,3333.822,46326.851
976,20303.244,3333.653,46326.8
977,20303.691,3333.397,46326.839
978,20304.421,3333.141,46326.906
979,20305.229,3332.932,46326.972
980,20306.021,3332.698,46327.085
981,20306.719,3332.389,46327.273
982,20307.238,3332.0,46327.535
983,20307.544,3331.538,46327.851
984,20307.686,3331.041,46328.171
985,20307.684,3330.598,46328.406
986,20307.55,3330.308,46328.453
987,20307.411,3330.195,46328.277
988,20307.511,3330.191,46327.925
989,20307.987,3330.186,46327.546
990,20308.789,3330.042,46327.316
991,20309.707,3329.67,46327.402
992,20310.475,3329.109,46327.832
993,20310.903,3328.467,46328.511
994,20310.933,3327.856,46329.257
995,20310.643,3327.378,46329.882
996,20310.233,3327.051,46330.261
997,20309.921,3326.774,46330.398
998,20309.877,3326.5,46330.375
999,20310.032,3326.283,46330.308
1000,20310.586,3325.949,46330.285
1001,20311.025,3325.533,46330.48
1002,20311.084,3325.106,46330.816
1003,20310.727,3324.785,46331.125
1004,20310.18,3324.59,46331.269
1005,20309.691,3324.456,46331.242
1006,20309.389,3324.321,46331.109
1007,20309.285,3324.157,46330.957
1008,20309.317,3323.96,46330.812
1009,20309.389,3323.758,46330.675
1010,20309.415,3323.598,46330.527
1011,20309.383,3323.513,46330.347
1012,20309.339,3323.496,46330.117
1013,20309.305,3323.51,46329.832
1014,20309.267,3323.522,46329.515
1015,20309.207,3323.493,46329.222
1016,20309.06,3323.41,46329.003
1017,20308.751,3323.34,46328.804
1018,20308.307,3323.359,46328.531
1019,20307.905,3323.447,46328.175
1020,20307.681,3323.508,46327.835
1021,20307.563,3323.504,46327.585
1022,20307.437,3323.515,46327.371
1023,20307.368,3323.61,46327.093
1024,20307.515,3323.739,46326.781
1025,20307.902,3323.803,46326.558
1026,20308.365,3323.802,46326.464
1027,20308.716,3323.824,46326.398
1028,20308.899,3323.911,46326.265
1029,20308.947,3324.022,46326.085
1030,20308.872,3324.156,46325.89
1031,20308.673,3324.372,46325.656
1032,20308.457,3324.628,46325.429
1033,20308.272,3324.882,46325.23
1034,20308.196,3325.053,46325.136
1035,20308.269,3325.045,46325.218
1036,20308.43,3324.831,46325.484
1037,20308.537,3324.45,46325.886
1038,20308.429,3324.008,46326.335
1039,20308.074,3323.633,46326.726
1040,20307.628,3323.39,46326.992
1041,20307.258,3323.213,46327.187
1042,20306.985,3322.978,46327.39
1043,20306.801,3322.615,46327.652
1044,20306.702,3322.137,46327.957
1045,20306.652,3321.595,46328.281
1046,20306.563,3321.032,46328.605
1047,20306.352,3320.492,46328.902
1048,20305.987,3320.041,46329.136
1049,20305.513,3319.746,46329.265
1050,20305.036,3319.623,46329.257
1051,20304.682,3319.598,46329.167
1052,20304.49,3319.557,46329.097
1053,20304.356,3319.44,46329.089
1054,20304.135,3319.248,46329.14
1055,20303.752,3319.012,46329.199
1056,20303.275,3318.768,46329.21
1057,20302.84,3318.526,46329.16
1058,20302.549,3318.263,46329.097
1059,20302.424,3317.954,46329.093
1060,20302.383,3317.623,46329.164
1061,20302.279,3317.357,46329.246
1062,20302.061,3317.251,46329.23
1063,20301.792,3317.327,46329.023
1064,20301.52,3317.579,46328.601
1065,20301.262,3317.968,46328.039
1066,20301.076,3318.32,46327.554
1067,20300.868,3318.681,46327.042
1068,20300.702,3318.9,46326.652
1069,20300.653,3318.969,46326.394
1070,20300.745,3318.925,46326.25
1071,20300.905,3318.817,46326.179
1072,20301.054,3318.675,46326.156
1073,20301.173,3318.504,46326.183
1074,20301.241,3318.306,46326.257
1075,20301.211,3318.092,46326.359
1076,20301.108,3317.91,46326.441
1077,20301.042,3317.803,46326.468
1078,20301.079,3317.753,46326.468
1079,20301.193,3317.715,46326.484
1080,20301.313,3317.657,46326.527
1081,20301.356,3317.552,46326.597
1082,20301.252,3317.413,46326.671
1083,20301.041,3317.282,46326.683
1084,20300.848,3317.178,46326.632
1085,20300.772,3317.061,46326.578
1086,20300.838,3316.874,46326.574
1087,20300.998,3316.589,46326.667
1088,20301.132,3316.232,46326.882
1089,20301.092,3315.879,46327.179
1090,20300.81,3315.607,46327.449
1091,20300.343,3315.416,46327.628
1092,20299.809,3315.256,46327.726
1093,20299.306,3315.117,46327.765
1094,20298.906,3315.027,46327.757
1095,20298.635,3314.98,46327.742
1096,20298.458,3314.909,46327.773
1097,20298.31,3314.783,46327.855
1098,20298.107,3314.662,46327.953
1099,20297.834,3314.619,46328.015
1100,20297.529,3314.634,46328.035
1101,20297.035,3314.693,46328.019
1102,20296.465,3314.776,46327.949
1103,20295.962,3314.895,46327.796
1104,20295.599,3315.064,46327.558
1105,20295.393,3315.257,46327.25
1106,20295.389,3315.411,46326.917
1107,20295.615,3315.422,46326.691
1108,20295.955,3315.223,46326.679
1109,20296.194,3314.849,46326.871
1110,20296.162,3314.418,46327.128
1111,20295.852,3314.079,46327.296
1112,20295.482,3313.912,46327.234
1113,20295.347,3313.862,46326.984
1114,20295.568,3313.834,46326.695
1115,20295.992,3313.8,46326.492
1116,20296.392,3313.754,46326.378
1117,20296.64,3313.675,46326.32
1118,20296.756,3313.584,46326.261
1119,20296.82,3313.505,46326.164
1120,20296.969,3313.414,46326.035
1121,20297.318,3313.289,46325.929
1122,20297.743,3313.172,46325.871
1123,20298.46,3313.037,46325.82
1124,20299.184,3312.874,46325.843
1125,20299.616,3312.697,46325.933
1126,20299.649,3312.566,46326.0
1127,20299.446,3312.526,46325.957
1128,20299.272,3312.552,46325.808
1129,20299.29,3312.565,46325.664
1130,20299.438,3312.522,46325.625
1131,20299.544,3312.481,46325.667
1132,20299.557,3312.492,46325.683
1133,20299.649,3312.516,46325.648
1134,20300.017,3312.519,46325.609
1135,20300.644,3312.545,46325.597
1136,20301.356,3312.631,46325.585
1137,20301.967,3312.723,46325.589
1138,20302.364,3312.701,46325.687
1139,20302.521,3312.487,46325.914
1140,20302.451,3312.095,46326.253
1141,20302.193,3311.599,46326.625
1142,20301.878,3311.133,46326.933
1143,20301.727,3310.838,46327.074
1144,20301.912,3310.739,46327.035
1145,20302.442,3310.73,46326.914
1146,20303.11,3310.672,46326.832
1147,20303.658,3310.541,46326.832
1148,20303.983,3310.445,46326.816
1149,20304.171,3310.454,46326.703
1150,20304.295,3310.503,46326.535
1151,20304.29,3310.523,46326.382
1152,20304.126,3310.535,46326.222
1153,20303.919,3310.567,46326.027
1154,20303.759,3310.639,46325.796
1155,20303.647,3310.763,46325.57
1156,20303.548,3310.94,46325.347
1157,20303.525,3311.249,46324.992
1158,20303.745,3311.554,46324.589
1159,20304.31,3311.695,46324.292
1160,20305.12,3311.616,46324.191
1161,20305.91,3311.43,46324.253
1162,20306.452,3311.262,46324.367
1163,20306.664,3311.133,46324.476
1164,20306.592,3311.031,46324.578
1165,20306.318,3310.934,46324.667
1166,20305.925,3310.813,46324.75
1167,20305.586,3310.687,46324.789
1168,20305.529,3310.619,46324.753
1169,20305.851,3310.657,46324.628
1170,20306.47,3310.807,46324.421
1171,20307.235,3310.995,46324.203
1172,20307.999,3311.103,46324.078
1173,20308.61,3311.092,46324.093
1174,20308.961,3311.025,46324.179
1175,20309.045,3310.948,46324.261
1176,20308.895,3310.8,46324.359
1177,20308.583,3310.538,46324.507
1178,20308.287,3310.276,46324.644
1179,20307.993,3309.933,46324.796
1180,20307.899,3309.571,46324.949
1181,20308.027,3309.244,46325.089
1182,20308.386,3308.96,46325.21
1183,20308.966,3308.652,46325.363
1184,20309.654,3308.28,46325.578
1185,20310.265,3307.892,46325.847
1186,20310.662,3307.564,46326.109
1187,20310.797,3307.33,46326.304
1188,20310.717,3307.178,46326.386
1189,20310.528,3307.098,46326.335
1190,20310.37,3307.083,46326.148
1191,20310.356,3307.108,46325.871
1192,20310.523,3307.138,46325.574
1193,20310.846,3307.139,46325.316
1194,20311.233,3307.084,46325.128
1195,20311.557,3306.984,46325.007
1196,20311.759,3306.855,46324.941
1197,20311.835,3306.701,46324.933
1198,20311.782,3306.565,46324.949
1199,20311.656,3306.513,46324.917
1200,20311.595,3306.561,46324.824
1201,20311.689,3306.667,46324.71
1202,20311.941,3306.767,46324.636
1203,20312.298,3306.814,46324.597
1204,20312.716,3306.789,46324.562
1205,20313.149,3306.676,46324.546
1206,20313.51,3306.515,46324.554
1207,20313.767,3306.413,46324.531
1208,20314.042,3306.444,46324.402
1209,20314.427,3306.577,46324.195
1210,20314.786,3306.72,46323.964
1211,20314.953,3306.813,46323.761
1212,20314.97,3306.879,46323.57
1213,20315.112,3306.835,46323.402
1214,20315.5,3306.651,46323.371
1215,20316.13,3306.389,46323.46
1216,20316.926,3306.082,46323.636
1217,20317.782,3305.717,46323.878
1218,20318.593,3305.369,46324.152
1219,20319.245,3305.138,46324.371
1220,20319.566,3305.027,46324.5
1221,20319.443,3305.005,46324.558
1222,20319.02,3305.053,46324.535
1223,20318.573,3305.143,46324.449
1224,20318.246,3305.282,46324.308
1225,20318.034,3305.458,46324.132
1226,20317.895,3305.583,46323.96
1227,20317.832,3305.604,46323.832
1228,20317.948,3305.581,46323.691
1229,20318.394,3305.555,46323.511
1230,20319.178,3305.459,46323.378
1231,20320.087,3305.231,46323.414
1232,20320.883,3304.9,46323.605
1233,20321.451,3304.552,46323.847
1234,20321.742,3304.275,46324.066
1235,20321.749,3304.094,46324.214
1236,20321.612,3303.953,46324.3
1237,20321.522,3303.779,46324.386
1238,20321.559,3303.592,46324.472
1239,20321.703,3303.458,46324.519
1240,20321.928,3303.416,46324.476
1241,20322.296,3303.492,46324.312
1242,20322.905,3303.654,46324.054
1243,20323.748,3303.828,46323.781
1244,20324.667,3303.922,46323.554
1245,20325.35,3303.895,46323.437
1246,20325.87,3303.687,46323.457
1247,20326.211,3303.259,46323.671
1248,20326.416,3302.774,46323.949
1249,20326.59,3302.356,46324.16
1250,20326.829,3302.02,46324.285
1251,20327.158,3301.722,46324.367
1252,20327.512,3301.406,46324.453
1253,20327.824,3301.031,46324.562
1254,20328.078,3300.615,46324.66
1255,20328.323,3300.238,46324.714
1256,20328.706,3299.975,46324.683
1257,20329.318,3299.836,46324.57
1258,20330.044,3299.773,46324.433
1259,20330.767,3299.759,46324.304
1260,20331.547,3299.789,46324.171
1261,20332.459,3299.819,46324.07
1262,20333.4,3299.778,46324.042
1263,20334.151,3299.627,46324.097
1264,20334.475,3299.353,46324.23
1265,20334.302,3298.99,46324.394
1266,20333.895,3298.612,46324.503
1267,20333.683,3298.314,46324.535
1268,20333.779,3298.105,46324.558
1269,20334.224,3297.987,46324.609
1270,20334.755,3297.982,46324.617
1271,20335.262,3298.051,46324.558
1272,20335.793,3298.17,46324.425
1273,20336.414,3298.28,46324.234
1274,20337.047,3298.282,46324.066
1275,20337.515,3298.149,46323.976
1276,20337.741,3297.942,46323.91
1277,20337.826,3297.692,46323.851
1278,20337.928,3297.435,46323.812
1279,20338.161,3297.267,46323.742
1280,20338.557,3297.254,46323.582
1281,20339.087,3297.368,46323.343
1282,20339.689,3297.547,46323.097
1283,20340.258,3297.758,46322.871
1284,20340.697,3298.008,46322.664
1285,20341.043,3298.273,46322.48
1286,20341.409,3298.457,46322.371
1287,20341.776,3298.503,46322.375
1288,20342.022,3298.446,46322.449
1289,20342.124,3298.321,46322.542
1290,20342.169,3298.06,46322.683
1291,20342.244,3297.556,46322.945
1292,20342.356,3296.815,46323.359
1293,20342.484,3296.056,46323.769
1294,20342.623,3295.558,46323.937
1295,20342.814,3295.431,46323.746
1296,20343.152,3295.583,46323.289
1297,20343.796,3295.842,46322.746
1298,20344.816,3296.012,46322.355
1299,20345.986,3295.858,46322.351
1300,20346.788,3295.243,46322.812
1301,20346.977,3294.503,46323.414
1302,20346.733,3293.767,46324.027
1303,20346.479,3293.462,46324.308
1304,20346.457,3293.741,46324.144
1305,20346.64,3294.468,46323.605
1306,20346.879,3295.294,46322.933
1307,20347.027,3295.906,46322.402
1308,20347.001,3296.224,46322.105
1309,20346.806,3296.329,46321.964
1310,20346.5,3296.28,46321.906
1311,20346.204,3296.082,46321.949
1312,20346.078,3295.769,46322.113
1313,20346.192,3295.413,46322.343
1314,20346.512,3295.069,46322.574
1315,20346.951,3294.762,46322.765
1316,20347.44,3294.503,46322.91
1317,20347.934,3294.286,46323.0
1318,20348.43,3294.095,46323.042
1319,20348.926,3293.928,46323.058
1320,20349.421,3293.807,46323.05
1321,20349.896,3293.745,46323.054
1322,20350.321,3293.71,46323.082
1323,20350.712,3293.693,46323.109
1324,20351.089,3293.697,46323.093
1325,20351.372,3293.697,46323.042
1326,20351.434,3293.656,46322.98
1327,20351.293,3293.555,46322.882
1328,20351.106,3293.402,46322.753
1329,20351.036,3293.244,46322.613
1330,20351.165,3293.165,46322.453
1331,20351.512,3293.229,46322.246
1332,20352.084,3293.419,46322.007
1333,20352.954,3293.667,46321.792
1334,20353.967,3293.889,46321.66
1335,20354.726,3294.029,46321.613
1336,20355.482,3294.184,46321.585
1337,20355.974,3294.311,46321.562
1338,20356.288,3294.438,46321.539
1339,20356.464,3294.594,46321.5
1340,20356.581,3294.756,46321.425
1341,20356.709,3294.898,46321.296
1342,20356.918,3295.093,46321.074
1343,20357.279,3295.377,46320.742
1344,20357.806,3295.626,46320.437
1345,20358.414,3295.702,46320.332
1346,20359.053,3295.604,46320.472
1347,20359.798,3295.425,46320.773
1348,20360.682,3295.245,46321.144
1349,20361.558,3295.111,46321.492
1350,20362.217,3295.053,46321.738
1351,20362.524,3295.077,46321.812
1352,20362.468,3295.224,46321.671
1353,20362.192,3295.585,46321.277
1354,20361.988,3296.171,46320.671
1355,20362.158,3296.795,46320.05
1356,20362.798,3297.177,46319.656
1357,20363.537,3297.241,46319.613
1358,20364.302,3297.08,46319.851
1359,20364.934,3296.818,46320.214
1360,20365.335,3296.52,46320.613
1361,20365.492,3296.133,46321.074
1362,20365.507,3295.64,46321.609
1363,20365.567,3295.064,46322.148
1364,20365.761,3294.391,46322.64
1365,20366.042,3293.587,46323.101
1366,20366.329,3292.71,46323.531
1367,20366.561,3291.947,46323.824
1368,20366.75,3291.501,46323.875
1369,20366.959,3291.411,46323.718
1370,20367.242,3291.603,46323.296
1371,20367.679,3291.994,46322.71
1372,20368.336,3292.485,46322.074
1373,20369.165,3292.927,46321.539
1374,20369.953,3293.099,46321.25
1375,20370.381,3292.78,46321.335
1376,20370.321,3292.031,46321.757
1377,20370.201,3291.326,46322.171
1378,20370.664,3291.061,46322.281
1379,20371.76,3291.185,46322.14
1380,20372.97,3291.484,46321.906
1381,20373.901,3291.833,46321.601
1382,20374.58,3292.113,46321.257
1383,20375.213,3292.219,46320.988
1384,20375.982,3292.15,46320.863
1385,20376.907,3291.977,46320.859
1386,20377.778,3291.776,46320.925
1387,20378.343,3291.66,46320.964
1388,20378.611,3291.76,46320.843
1389,20378.856,3292.143,46320.5
1390,20379.248,3292.632,46320.07
1391,20379.635,3292.959,46319.781
1392,20380.211,3293.111,46319.656
1393,20380.66,3292.938,46319.808
1394,20380.932,3292.508,46320.144
1395,20380.961,3291.952,46320.562
1396,20380.803,3291.505,46320.875
1397,20380.692,3291.357,46320.941
1398,20380.828,3291.502,46320.808
1399,20381.215,3291.82,46320.621
1400,20381.709,3292.17,46320.468
1401,20382.136,3292.403,46320.417
1402,20382.38,3292.432,46320.511
1403,20382.409,3292.307,46320.722
1404,20382.292,3292.15,46320.964
1405,20382.152,3292.021,46321.171
1406,20382.109,3291.914,46321.32
1407,20382.193,3291.816,46321.433
1408,20382.324,3291.725,46321.531
1409,20382.365,3291.637,46321.605
1410,20382.29,3291.54,46321.675
1411,20382.165,3291.431,46321.746
1412,20382.06,3291.347,46321.796
1413,20381.998,3291.325,46321.789
1414,20382.013,3291.402,46321.671
1415,20382.185,3291.611,46321.417
1416,20382.551,3291.915,46321.089
1417,20383.019,3292.19,46320.804
1418,20383.417,3292.348,46320.648
1419,20383.59,3292.379,46320.64
1420,20383.49,3292.306,46320.738
1421,20383.235,3292.175,46320.851
1422,20383.076,3292.058,46320.89
1423,20383.21,3292.0,46320.82
1424,20383.568,3291.992,46320.687
1425,20384.069,3292.013,46320.535
1426,20384.869,3292.056,46320.359
1427,20385.807,3292.061,46320.218
1428,20386.73,3291.951,46320.179
1429,20387.509,3291.717,46320.273
1430,20388.089,3291.432,46320.441
1431,20388.527,3291.198,46320.589
1432,20388.894,3291.023,46320.687
1433,20389.202,3290.843,46320.781
1434,20389.49,3290.65,46320.886
1435,20389.842,3290.504,46320.917
1436,20390.309,3290.42,46320.855
1437,20390.922,3290.36,46320.769
1438,20391.72,3290.329,46320.687
1439,20392.658,3290.379,46320.582
1440,20393.61,3290.563,46320.414
1441,20394.434,3290.875,46320.187
1442,20395.067,3291.219,46319.945
1443,20395.532,3291.462,46319.796
1444,20395.862,3291.538,46319.832
1445,20395.977,3291.426,46320.019
1446,20395.845,3291.164,46320.3
1447,20395.639,3290.91,46320.617
1448,20395.322,3290.594,46320.902
1449,20395.202,3290.377,46321.132
1450,20395.348,3290.22,46321.324
1451,20395.727,3290.11,46321.48
1452,20396.186,3290.042,46321.601
1453,20396.579,3289.946,46321.722
1454,20396.829,3289.766,46321.875
1455,20396.907,3289.553,46322.031
1456,20396.837,3289.37,46322.144
1457,20396.715,3289.213,46322.226
1458,20396.6,3289.039,46322.289
1459,20396.48,3288.823,46322.41
1460,20396.312,3288.565,46322.546
1461,20396.07,3288.276,46322.656
1462,20395.774,3287.99,46322.703
1463,20395.543,3287.758,46322.679
1464,20395.5,3287.604,46322.628
1465,20395.686,3287.548,46322.574
1466,20396.029,3287.595,46322.492
1467,20396.443,3287.686,46322.378
1468,20396.925,3287.717,46322.277
1469,20397.508,3287.639,46322.23
1470,20398.146,3287.469,46322.234
1471,20398.713,3287.279,46322.253
1472,20399.143,3287.121,46322.234
1473,20399.467,3286.951,46322.191
1474,20399.73,3286.753,46322.14
1475,20399.962,3286.606,46322.054
1476,20400.231,3286.546,46321.894
1477,20400.598,3286.504,46321.707
1478,20401.131,3286.41,46321.546
1479,20401.94,3286.255,46321.437
1480,20402.838,3286.101,46321.39
1481,20403.74,3285.967,46321.394
1482,20404.651,3285.815,46321.457
1483,20405.404,3285.663,46321.539
1484,20406.098,3285.582,46321.558
1485,20406.899,3285.658,46321.449
1486,20407.79,3285.859,46321.261
1487,20408.568,3286.005,46321.125
1488,20409.068,3285.959,46321.14
1489,20409.311,3285.787,46321.238
1490,20409.49,3285.67,46321.257
1491,20409.781,3285.681,46321.14
1492,20410.223,3285.777,46320.972
1493,20410.727,3285.929,46320.824
1494,20411.174,3286.141,46320.687
1495,20411.53,3286.389,46320.531
1496,20411.877,3286.621,46320.382
1497,20412.261,3286.788,46320.277
1498,20412.658,3286.861,46320.265
1499,20413.009,3286.795,46320.402
1500,20413.284,3286.571,46320.703
1501,20413.519,3286.264,46321.085
1502,20413.789,3285.984,46321.429
1503,20414.09,3285.764,46321.691
1504,20414.32,3285.587,46321.906
1505,20414.413,3285.434,46322.078
1506,20414.388,3285.264,46322.187
1507,20414.333,3285.034,46322.25
1508,20414.314,3284.714,46322.316
1509,20414.351,3284.281,46322.46
1510,20414.417,3283.755,46322.734
1511,20414.495,3283.239,46323.078
1512,20414.707,3282.811,46323.378
1513,20415.148,3282.47,46323.585
1514,20415.597,3282.231,46323.699
1515,20415.977,3281.95,46323.847
1516,20416.076,3281.696,46323.937
1517,20415.987,3281.542,46323.878
1518,20415.795,3281.547,46323.636
1519,20415.563,3281.697,46323.253
1520,20415.357,3281.918,46322.816
1521,20415.277,3282.143,46322.386
1522,20415.37,3282.32,46322.019
1523,20415.603,3282.387,46321.769
1524,20415.884,3282.303,46321.656
1525,20416.178,3282.089,46321.652
1526,20416.531,3281.801,46321.73
1527,20416.944,3281.49,46321.859
1528,20417.324,3281.191,46322.003
1529,20417.642,3280.923,46322.113
1530,20418.002,3280.71,46322.148
1531,20418.523,3280.57,46322.097
1532,20419.175,3280.453,46322.0
1533,20419.86,3280.306,46321.917
1534,20420.587,3280.166,46321.828
1535,20421.515,3280.094,46321.667
1536,20422.489,3280.094,46321.476
1537,20423.436,3280.132,46321.347
1538,20424.205,3280.123,46321.335
1539,20424.551,3280.042,46321.425
1540,20424.537,3279.971,46321.511
1541,20424.444,3279.995,46321.472
1542,20424.557,3280.076,46321.343
1543,20424.923,3280.112,46321.253
1544,20425.375,3280.038,46321.285
1545,20425.74,3279.821,46321.449
1546,20425.923,3279.46,46321.765
1547,20425.921,3278.999,46322.156
1548,20425.896,3278.515,46322.503
1549,20426.102,3278.053,46322.875
1550,20426.628,3277.601,46323.238
1551,20427.411,3277.154,46323.585
1552,20428.291,3276.716,46323.925
1553,20428.964,3276.277,46324.269
1554,20429.086,3275.871,46324.585
1555,20428.599,3275.601,46324.738
1556,20427.84,3275.583,46324.613
1557,20427.216,3275.795,46324.257
1558,20426.882,3276.083,46323.835
1559,20426.867,3276.344,46323.437
1560,20427.319,3276.588,46323.054
1561,20428.269,3276.782,46322.757
1562,20429.352,3276.802,46322.695
1563,20430.117,3276.583,46322.871
1564,20430.513,3276.186,46323.164
1565,20430.743,3275.705,46323.468
1566,20430.866,3275.198,46323.769
1567,20430.801,3274.721,46324.046
1568,20430.619,3274.329,46324.226
1569,20430.601,3274.064,46324.214
1570,20430.807,3273.928,46324.085
1571,20431.504,3273.826,46323.855
1572,20432.613,3273.736,46323.652
1573,20433.732,3273.671,46323.492
1574,20434.481,3273.712,46323.25
1575,20434.885,3274.014,46322.765
1576,20435.416,3274.612,46322.031
1577,20436.501,3275.25,46321.257
1578,20438.029,3275.662,46320.664
1579,20439.538,3275.875,46320.253
1580,20440.746,3276.065,46319.917
1581,20441.646,3276.308,46319.597
1582,20442.349,3276.575,46319.332
1583,20443.07,3276.804,46319.183
1584,20444.021,3276.904,46319.207
1585,20445.159,3276.811,46319.425
1586,20446.197,3276.556,46319.746
1587,20446.91,3276.181,46320.062
1588,20447.361,3275.638,46320.41
1589,20447.795,3274.856,46320.886
1590,20448.363,3273.913,46321.5
1591,20448.898,3273.163,46322.011
1592,20449.23,3273.075,46322.023
1593,20449.718,3273.754,46321.378
1594,20450.82,3274.791,46320.398
1595,20452.323,3275.673,46319.539
1596,20453.71,3276.163,46318.992
1597,20454.759,3276.267,46318.769
1598,20455.355,3276.09,46318.824
1599,20455.417,3275.823,46319.003
1600,20455.277,3275.747,46319.058
1601,20455.572,3276.17,46318.777
1602,20456.677,3277.336,46318.035
1603,20458.083,3278.831,46317.085
1604,20459.186,3280.127,46316.269
1605,20459.89,3281.637,46315.363
1606,20460.209,3283.245,46314.429
1607,20460.407,3284.761,46313.585
1608,20460.661,3285.872,46313.07
1609,20461.188,3286.553,46312.894
1610,20462.343,3287.059,46312.828
1611,20464.304,3287.443,46312.796
1612,20466.75,3287.391,46313.05
1613,20469.126,3286.568,46313.847
1614,20471.011,3284.996,46315.171
1615,20472.321,3283.239,46316.609
1616,20473.298,3282.229,46317.464
1617,20474.19,3282.643,46317.253
1618,20474.881,3284.423,46316.058
1619,20474.978,3286.935,46314.343
1620,20474.377,3289.412,46312.675
1621,20473.501,3291.274,46311.527
1622,20472.759,3292.29,46311.132
1623,20472.083,3292.524,46311.402
1624,20471.067,3292.24,46312.085
1625,20469.297,3291.991,46312.777
1626,20466.839,3292.46,46312.929
1627,20464.492,3293.928,46312.246
1628,20463.186,3296.081,46310.921
1629,20463.284,3298.334,46309.457
1630,20464.632,3300.144,46308.355
1631,20466.953,3301.218,46307.949
1632,20469.758,3301.551,46308.316
1633,20472.195,3301.398,46309.277
1634,20473.504,3301.1,46310.46
1635,20473.501,3300.848,46311.593
1636,20472.453,3300.703,46312.578
1637,20471.165,3300.676,46313.238
1638,20469.82,3300.822,46313.585
1639,20469.258,3301.14,46313.519
1640,20469.791,3301.451,46313.234
1641,20470.964,3301.747,46312.882
1642,20471.693,3302.205,46312.453
1643,20471.082,3302.935,46311.898
1644,20469.497,3303.944,46311.152
1645,20468.382,3305.161,46310.234
1646,20468.541,3306.379,46309.421
1647,20469.545,3307.577,46308.902
1648,20470.853,3309.004,46308.496
1649,20472.307,3310.678,46308.039
1650,20473.7,3312.218,46307.644
1651,20474.681,3313.283,46307.5
1652,20475.135,3313.811,46307.621
1653,20475.403,3313.878,46307.914
1654,20475.933,3313.663,46308.335
1655,20476.894,3313.444,46308.804
1656,20478.155,3313.367,46309.23
1657,20479.46,3313.348,46309.64
1658,20480.665,3313.303,46310.128
1659,20481.583,3313.25,46310.667
1660,20482.169,3313.188,46311.23
1661,20482.177,3313.177,46312.003
1662,20481.522,3313.273,46312.742
1663,20480.309,3313.396,46313.39
1664,20478.702,3313.399,46313.968
1665,20476.93,3313.188,46314.472
1666,20475.302,3312.719,46314.933
1667,20474.107,3312.013,46315.417
1668,20473.52,3311.213,46315.906
1669,20473.554,3310.519,46316.335
1670,20474.099,3310.087,46316.652
1671,20475.048,3309.92,46316.828
1672,20476.243,3309.922,46316.91
1673,20477.43,3309.989,46316.972
1674,20478.403,3309.995,46317.093
1675,20478.977,3309.823,46317.351
1676,20478.929,3309.464,46317.757
1677,20478.215,3308.991,46318.23
1678,20477.056,3308.429,46318.707
1679,20475.724,3307.751,46319.203
1680,20474.443,3306.976,46319.699
1681,20473.492,3306.254,46320.089
1682,20473.171,3305.735,46320.265
1683,20473.686,3305.445,46320.23
1684,20475.023,3305.378,46320.023
1685,20476.852,3305.606,46319.66
1686,20478.689,3306.222,46319.062
1687,20480.297,3307.21,46318.167
1688,20481.734,3308.345,46317.093
1689,20483.013,3309.361,46316.125
1690,20483.989,3310.215,46315.371
1691,20484.643,3310.942,46314.726
1692,20485.041,3311.38,46314.23
1693,20485.167,3311.442,46314.023
1694,20484.968,3311.166,46314.085
1695,20484.291,3310.734,46314.32
1696,20483.583,3310.426,46314.531
1697,20483.45,3310.315,46314.675
1698,20484.008,3310.301,46314.89
1699,20484.84,3310.265,46315.292
1700,20485.616,3310.09,46315.886
1701,20486.218,3309.731,46316.636
1702,20486.568,3309.294,46317.41
1703,20486.621,3308.934,46318.05
1704,20486.338,3308.821,46318.429
1705,20485.744,3309.163,46318.394
1706,20485.144,3309.928,46317.917
1707,20484.993,3310.653,46317.296
1708,20485.421,3310.791,46317.019
1709,20486.059,3310.198,46317.339
1710,20486.531,3309.218,46318.089
1711,20486.775,3308.31,46318.91
1712,20486.908,3307.742,46319.527
1713,20487.104,3307.514,46319.875
1714,20487.367,3307.429,46320.105
1715,20487.415,3307.294,46320.414
1716,20487.007,3307.12,46320.781
1717,20486.288,3307.105,46320.949
1718,20485.657,3307.396,46320.734
1719,20485.356,3307.876,46320.25
1720,20485.141,3308.255,46319.781
1721,20484.524,3308.437,46319.476
1722,20483.453,3308.615,46319.187
1723,20482.579,3308.99,46318.707
1724,20482.643,3309.538,46318.035
1725,20483.947,3310.139,46317.312
1726,20486.015,3310.654,46316.73
1727,20487.78,3310.971,46316.398
1728,20490.006,3311.144,46316.253
1729,20491.746,3311.092,46316.402
1730,20493.089,3311.054,46316.593
1731,20494.089,3311.182,46316.64
1732,20494.62,3311.468,46316.578
1733,20494.517,3311.961,46316.417
1734,20493.993,3312.723,46316.039
1735,20493.563,3313.644,46315.417
1736,20493.575,3314.508,46314.757
1737,20493.984,3315.11,46314.363
1738,20494.417,3315.321,46314.421
1739,20494.568,3315.127,46314.878
1740,20494.475,3314.59,46315.578
1741,20494.416,3313.855,46316.355
1742,20494.816,3313.116,46317.019
1743,20495.919,3312.37,46317.554
1744,20497.372,3311.433,46318.187
1745,20498.632,3310.377,46318.972
1746,20499.594,3309.575,46319.625
1747,20500.395,3309.196,46319.957
1748,20501.008,3309.072,46320.093
1749,20501.368,3309.026,46320.179
1750,20501.624,3309.009,46320.296
1751,20501.705,3309.074,46320.382
1752,20501.722,3309.153,46320.421
1753,20501.738,3309.088,46320.539
1754,20501.441,3308.782,46320.859
1755,20500.599,3308.365,46321.281
1756,20499.629,3308.063,46321.539
1757,20499.118,3307.967,46321.535
1758,20499.139,3307.999,46321.386
1759,20499.395,3308.04,46321.23
1760,20499.716,3308.027,46321.109
1761,20500.113,3307.958,46321.0
1762,20500.605,3307.863,46320.882
1763,20501.061,3307.757,46320.808
1764,20501.272,3307.637,46320.796
1765,20501.183,3307.543,46320.765
1766,20501.044,3307.522,46320.574
1767,20501.191,3307.519,46320.273
1768,20501.671,3307.464,46320.007
1769,20502.312,3307.394,46319.777
1770,20503.051,3307.314,46319.562
1771,20503.858,3307.157,46319.476
1772,20504.562,3306.939,46319.558
1773,20505.044,3306.791,46319.687
1774,20505.428,3306.828,46319.695
1775,20505.925,3307.025,46319.535
1776,20506.492,3307.177,46319.347
1777,20506.816,3307.056,46319.328
1778,20506.799,3306.638,46319.476
1779,20506.682,3306.038,46319.703
1780,20506.65,3305.35,46320.019
1781,20506.678,3304.577,46320.433
1782,20506.731,3303.812,46320.839
1783,20506.796,3303.261,46321.109
1784,20507.057,3302.621,46321.402
1785,20507.561,3302.052,46321.683
1786,20508.097,3301.524,46321.964
1787,20508.318,3300.994,46322.273
1788,20507.994,3300.469,46322.585
1789,20507.259,3300.094,46322.777
1790,20506.509,3299.912,46322.816
1791,20505.993,3299.776,46322.855
1792,20505.674,3299.569,46322.976
1793,20505.437,3299.346,46323.109
1794,20505.19,3299.258,46323.144
1795,20504.985,3299.41,46322.972
1796,20505.045,3299.759,46322.609
1797,20505.506,3300.114,46322.25
1798,20506.241,3300.293,46322.089
1799,20507.069,3300.261,46322.14
1800,20507.819,3300.089,46322.324
1801,20508.197,3299.832,46322.597
1802,20507.918,3299.532,46322.921
1803,20507.067,3299.296,46323.164
1804,20506.126,3299.221,46323.167
1805,20505.444,3299.279,46322.91
1806,20505.007,3299.388,46322.519
1807,20504.774,3299.484,46322.078
1808,20504.891,3299.468,46321.671
1809,20505.462,3299.205,46321.445
1810,20506.353,3298.666,46321.488
1811,20507.351,3297.99,46321.707
1812,20508.267,3297.317,46321.992
1813,20508.832,3296.667,46322.316
1814,20508.768,3296.079,46322.613
1815,20508.158,3295.692,46322.703
1816,20507.58,3295.549,46322.57
1817,20507.369,3295.489,46322.371
1818,20507.46,3295.291,46322.308
1819,20507.625,3294.961,46322.398
1820,20507.838,3294.496,46322.601
1821,20508.021,3293.834,46322.968
1822,20507.914,3292.979,46323.484
1823,20507.452,3292.06,46324.015
1824,20506.83,3291.236,46324.421
1825,20506.256,3290.586,46324.64
1826,20505.825,3290.075,46324.746
1827,20505.493,3289.561,46324.871
1828,20505.099,3288.927,46325.121
1829,20504.465,3288.189,46325.5
1830,20503.479,3287.422,46325.917
1831,20502.145,3286.652,46326.32
1832,20500.621,3285.897,46326.652
1833,20499.183,3285.224,46326.828
1834,20498.064,3284.709,46326.812
1835,20497.321,3284.316,46326.726
1836,20496.82,3283.86,46326.781
1837,20496.278,3283.183,46327.085
1838,20495.623,3282.472,46327.429
1839,20495.127,3282.011,46327.578
1840,20494.781,3281.478,46327.574
1841,20494.553,3280.87,46327.656
1842,20494.26,3280.299,46327.734
1843,20493.933,3279.828,46327.656
1844,20493.637,3279.323,46327.484
1845,20493.316,3278.762,46327.328
1846,20492.908,3278.301,46327.16
1847,20492.535,3278.077,46326.871
1848,20492.453,3278.106,46326.445
1849,20492.794,3278.244,46325.996
1850,20493.423,3278.334,46325.648
1851,20494.085,3278.338,46325.425
1852,20494.575,3278.27,46325.285
1853,20494.718,3278.094,46325.242
1854,20494.417,3277.828,46325.261
1855,20493.811,3277.604,46325.183
1856,20493.227,3277.546,46324.851
1857,20492.957,3277.649,46324.285
1858,20493.155,3277.769,46323.636
1859,20493.852,3277.751,46323.101
1860,20494.901,3277.553,46322.824
1861,20495.92,3277.226,46322.859
1862,20496.517,3276.814,46323.132
1863,20496.732,3276.313,46323.515
1864,20496.985,3275.695,46324.0
1865,20497.357,3274.938,46324.675
1866,20497.342,3274.129,46325.519
1867,20496.656,3273.405,46326.285
1868,20495.753,3272.772,46326.804
1869,20495.151,3272.146,46327.128
1870,20494.878,3271.463,46327.386
1871,20494.709,3270.7,46327.601
1872,20494.57,3270.032,46327.71
1873,20494.484,3269.5,46327.695
1874,20494.642,3269.078,46327.542
1875,20495.052,3268.766,46327.367
1876,20495.551,3268.508,46327.238
1877,20495.91,3268.283,46327.167
1878,20496.017,3268.122,46327.113
1879,20495.869,3268.023,46327.035
1880,20495.51,3267.868,46326.976
1881,20495.035,3267.514,46327.046
1882,20494.492,3266.955,46327.289
1883,20493.806,3266.31,46327.605
1884,20492.905,3265.681,46327.875
1885,20491.901,3265.101,46328.039
1886,20490.989,3264.596,46328.097
1887,20490.277,3264.197,46328.039
1888,20489.838,3263.922,46327.808
1889,20489.775,3263.77,46327.375
1890,20490.136,3263.721,46326.785
1891,20490.829,3263.746,46326.132
1892,20491.684,3263.811,46325.5
1893,20492.534,3263.868,46324.953
1894,20493.203,3263.858,46324.55
1895,20493.502,3263.74,46324.332
1896,20493.293,3263.534,46324.273
1897,20492.567,3263.324,46324.289
1898,20491.51,3263.159,46324.289
1899,20490.424,3262.993,46324.253
1900,20489.565,3262.786,46324.191
1901,20489.077,3262.598,46324.113
1902,20488.965,3262.49,46323.992
1903,20489.081,3262.508,46323.808
1904,20489.224,3262.73,46323.492
1905,20489.251,3263.067,46323.062
1906,20489.186,3263.292,46322.726
1907,20489.096,3263.425,46322.46
1908,20488.839,3263.526,46322.296
1909,20488.318,3263.547,46322.23
1910,20487.627,3263.379,46322.312
1911,20486.978,3263.027,46322.566
1912,20486.46,3262.604,46322.894
1913,20486.016,3262.236,46323.179
1914,20485.577,3261.966,46323.355
1915,20485.179,3261.775,46323.417
1916,20484.891,3261.678,46323.406
1917,20484.668,3261.701,46323.343
1918,20484.373,3261.774,46323.269
1919,20483.979,3261.774,46323.265
1920,20483.602,3261.649,46323.375
1921,20483.341,3261.457,46323.566
1922,20483.147,3261.293,46323.769
1923,20482.867,3261.206,46323.902
1924,20482.397,3261.175,46323.933
1925,20481.771,3261.132,46323.902
1926,20481.05,3261.037,46323.851
1927,20480.265,3260.925,46323.753
1928,20479.608,3260.874,46323.597
1929,20479.075,3260.919,46323.394
1930,20478.543,3261.087,46323.117
1931,20478.055,3261.303,46322.843
1932,20477.549,3261.523,46322.601
1933,20476.881,3261.778,46322.363
1934,20475.93,3262.118,46322.074
1935,20474.737,3262.504,46321.726
1936,20473.519,3262.819,46321.414
1937,20472.519,3262.972,46321.23
1938,20471.878,3262.967,46321.171
1939,20471.688,3262.897,46321.175
1940,20471.966,3262.895,46321.175
1941,20472.454,3262.997,46321.167
1942,20472.626,3263.164,46321.136
1943,20472.212,3263.45,46320.976
1944,20471.518,3264.021,46320.554
1945,20471.09,3264.972,46319.847
1946,20471.16,3266.131,46319.007
1947,20471.439,3267.082,46318.343
1948,20471.481,3267.486,46318.101
1949,20471.153,3267.298,46318.316
1950,20470.663,3266.644,46318.867
1951,20470.192,3265.628,46319.64
1952,20469.797,3264.345,46320.539
1953,20469.563,3262.955,46321.46
1954,20469.546,3261.636,46322.289
1955,20469.691,3260.524,46322.945
1956,20469.885,3259.726,46323.382
1957,20470.003,3259.332,46323.558
1958,20469.912,3259.332,46323.511
1959,20469.473,3259.511,46323.406
1960,20468.392,3259.563,46323.449
1961,20466.579,3259.411,46323.671
1962,20464.803,3259.23,46323.882
1963,20462.577,3259.029,46324.042
1964,20460.476,3258.811,46324.082
1965,20458.777,3258.494,46324.082
1966,20457.601,3257.986,46324.16
1967,20456.875,3257.256,46324.386
1968,20456.41,3256.335,46324.773
1969,20456.06,3255.328,46325.277
1970,20455.827,3254.434,46325.773
1971,20455.74,3253.81,46326.148
1972,20455.682,3253.422,46326.39
1973,20455.444,3253.086,46326.582
1974,20454.885,3252.707,46326.773
1975,20453.965,3252.458,46326.886
1976,20452.695,3252.605,46326.734
1977,20451.117,3253.183,46326.218
1978,20449.316,3253.916,46325.468
1979,20447.449,3254.475,46324.738
1980,20445.738,3254.737,46324.156
1981,20444.338,3254.805,46323.679
1982,20443.299,3254.796,46323.203
1983,20442.708,3254.741,46322.71
1984,20442.728,3254.668,46322.242
1985,20443.405,3254.614,46321.843
1986,20444.547,3254.525,46321.546
1987,20445.833,3254.275,46321.375
1988,20447.057,3253.777,46321.343
1989,20448.177,3253.081,46321.476
1990,20449.162,3252.384,46321.703
1991,20449.962,3251.869,46321.894
1992,20450.528,3251.513,46322.011
1993,20450.789,3251.173,46322.148
1994,20450.705,3250.853,46322.335
1995,20450.439,3250.712,46322.46
1996,20450.165,3250.745,46322.484
1997,20449.683,3250.863,46322.433
1998,20449.039,3250.952,46322.359
1999,20448.286,3250.945,46322.304
2000,20447.396,3250.796,46322.296
2001,20446.381,3250.502,46322.343
2002,20445.406,3250.086,46322.445
2003,20444.619,3249.585,46322.605
2004,20444.05,3249.065,46322.8
2005,20443.663,3248.557,46323.015
2006,20443.416,3248.044,46323.25
2007,20443.28,3247.563,46323.503
2008,20443.242,3247.211,46323.742
2009,20443.229,3247.004,46323.968
2010,20443.103,3246.891,46324.207
2011,20442.775,3246.851,46324.445
2012,20442.228,3246.844,46324.66
2013,20441.448,3246.774,46324.875
2014,20440.406,3246.56,46325.121
2015,20439.109,3246.201,46325.398
2016,20437.556,3245.722,46325.648
2017,20435.967,3245.22,46325.746
2018,20434.838,3244.871,46325.687
2019,20433.941,3244.666,46325.417
2020,20433.52,3244.717,46324.914
2021,20433.455,3244.911,46324.285
2022,20433.563,3245.09,46323.683
2023,20433.676,3245.146,46323.226
2024,20433.68,3245.098,46322.929
2025,20433.508,3245.049,46322.718
2026,20433.168,3245.06,46322.488
2027,20432.797,3245.103,46322.207
2028,20432.597,3245.104,46321.917
2029,20432.666,3244.99,46321.671
2030,20432.907,3244.732,46321.476
2031,20433.145,3244.409,46321.312
2032,20433.268,3244.188,46321.097
2033,20433.25,3244.189,46320.746
2034,20433.143,3244.406,46320.261
2035,20433.058,3244.784,46319.703
2036,20433.118,3245.287,46319.101
2037,20433.395,3245.856,46318.515
2038,20433.862,3246.405,46318.039
2039,20434.386,3246.863,46317.742
2040,20434.731,3247.181,46317.648
2041,20434.688,3247.34,46317.73
2042,20434.228,3247.382,46317.894
2043,20433.524,3247.391,46318.035
2044,20432.822,3247.47,46318.054
2045,20432.33,3247.7,46317.91
2046,20432.135,3248.084,46317.613
2047,20432.219,3248.544,46317.246
2048,20432.524,3248.97,46316.902
2049,20432.968,3249.258,46316.707
2050,20433.393,3249.368,46316.761
2051,20433.593,3249.347,46317.003
2052,20433.562,3249.269,46317.304
2053,20433.103,3249.192,46317.687
2054,20432.314,3249.206,46318.027
2055,20431.316,3249.366,46318.265
2056,20430.241,3249.636,46318.375
2057,20429.124,3249.865,46318.429
2058,20427.933,3249.926,46318.519
2059,20426.703,3249.846,46318.648
2060,20425.629,3249.749,46318.757
2061,20424.865,3249.637,46318.843
2062,20424.287,3249.298,46319.039
2063,20423.671,3248.677,46319.39
2064,20423.039,3248.144,46319.695
2065,20422.509,3248.086,46319.679
2066,20422.013,3248.484,46319.308
2067,20421.402,3249.098,46318.726
2068,20420.605,3249.722,46318.132
2069,20419.627,3250.216,46317.652
2070,20418.518,3250.49,46317.363
2071,20417.354,3250.568,46317.277
2072,20416.179,3250.567,46317.304
2073,20415.017,3250.579,46317.343
2074,20413.882,3250.56,46317.382
2075,20412.796,3250.451,46317.46
2076,20411.821,3250.326,46317.542
2077,20411.061,3250.319,46317.523
2078,20410.539,3250.398,46317.386
2079,20410.217,3250.401,46317.25
2080,20410.06,3250.267,46317.21
2081,20409.982,3250.071,46317.281
2082,20409.809,3249.883,46317.378
2083,20409.425,3249.74,46317.41
2084,20408.923,3249.663,46317.339
2085,20408.556,3249.647,46317.25
2086,20408.334,3249.662,46317.199
2087,20408.12,3249.712,46317.199
2088,20407.825,3249.799,46317.179
2089,20407.431,3249.895,46317.105
2090,20406.976,3249.983,46317.003
2091,20406.536,3250.119,46316.867
2092,20406.249,3250.366,46316.679
2093,20406.238,3250.717,46316.468
2094,20406.49,3251.072,46316.304
2095,20406.776,3251.177,46316.328
2096,20406.792,3250.807,46316.675
2097,20406.453,3250.048,46317.292
2098,20405.959,3249.234,46317.964
2099,20405.549,3248.656,46318.484
2100,20405.308,3248.405,46318.769
